jurisdiction,level,domain,vendor,amount,date,dataset
"Kansas City, MO",city,data.kcmo.org,MSA SAFETY INCORPORATED,358.0,2024-01-16T00:00:00.000,Vendor Payments Calendar Year 2024
"Kansas City, MO",city,data.kcmo.org,MSA SAFETY INCORPORATED,379.18,2024-01-16T00:00:00.000,Vendor Payments Calendar Year 2024
"Kansas City, MO",city,data.kcmo.org,MSA SAFETY INCORPORATED,358.0,2024-01-16T00:00:00.000,Vendor Payments Calendar Year 2024
"Kansas City, MO",city,data.kcmo.org,MSA SAFETY INCORPORATED,1089.23,2024-03-15T00:00:00.000,Vendor Payments Calendar Year 2024
"Kansas City, MO",city,data.kcmo.org,MSA SAFETY INCORPORATED,468.4,2024-09-17T00:00:00.000,Vendor Payments Calendar Year 2024
"Kansas City, MO",city,data.kcmo.org,MSA SAFETY INCORPORATED,8400.0,2024-11-26T00:00:00.000,Vendor Payments Calendar Year 2024
"Kansas City, MO",city,data.kcmo.org,MSA SAFETY INCORPORATED,468.4,2024-12-24T00:00:00.000,Vendor Payments Calendar Year 2024
"Kansas City, MO",city,data.kcmo.org,MSA SAFETY INCORPORATED,1439.67,2024-12-31T00:00:00.000,Vendor Payments Calendar Year 2024
"Kansas City, MO",city,data.kcmo.org,MSA SAFETY INCORPORATED,749.63,2026-02-06T00:00:00.000,Vendor Payments Calendar Year 2026
"Kansas City, MO",city,data.kcmo.org,MSA SAFETY INCORPORATED,7600.0,2026-06-26T00:00:00.000,Vendor Payments Calendar Year 2026
"Kansas City, MO",city,data.kcmo.org,MINE SAFETY APPLIANCES CO,1943.04,2016-02-17T00:00:00.000,Vendor Payments Calendar Year 2016
"Kansas City, MO",city,data.kcmo.org,MINE SAFETY APPLIANCES CO,1943.04,2016-02-17T00:00:00.000,Vendor Payments Calendar Year 2016
"Kansas City, MO",city,data.kcmo.org,MINE SAFETY APPLIANCES CO,869.17,2016-04-22T00:00:00.000,Vendor Payments Calendar Year 2016
"Kansas City, MO",city,data.kcmo.org,MINE SAFETY APPLIANCES CO,869.17,2016-04-22T00:00:00.000,Vendor Payments Calendar Year 2016
"Kansas City, MO",city,data.kcmo.org,MINE SAFETY APPLIANCES CO,2753.9,2016-05-06T00:00:00.000,Vendor Payments Calendar Year 2016
"Kansas City, MO",city,data.kcmo.org,MINE SAFETY APPLIANCES CO,2753.9,2016-05-06T00:00:00.000,Vendor Payments Calendar Year 2016
"Kansas City, MO",city,data.kcmo.org,MINE SAFETY APPLIANCES CO,2753.9,2016-05-06T00:00:00.000,Vendor Payments Calendar Year 2016
"Kansas City, MO",city,data.kcmo.org,MSA SAFETY INCORPORATED,1528.49,2023-02-10T00:00:00.000,Vendor Payments Calendar Year 2023
"Kansas City, MO",city,data.kcmo.org,MSA SAFETY INCORPORATED,1282.42,2023-03-10T00:00:00.000,Vendor Payments Calendar Year 2023
"Kansas City, MO",city,data.kcmo.org,MSA SAFETY INCORPORATED,521.71,2023-04-03T00:00:00.000,Vendor Payments Calendar Year 2023
"Kansas City, MO",city,data.kcmo.org,MSA SAFETY INCORPORATED,345.0,2023-04-07T00:00:00.000,Vendor Payments Calendar Year 2023
"Kansas City, MO",city,data.kcmo.org,MSA SAFETY INCORPORATED,1042.9,2023-05-02T00:00:00.000,Vendor Payments Calendar Year 2023
"Kansas City, MO",city,data.kcmo.org,MSA SAFETY INCORPORATED,526.15,2023-10-03T00:00:00.000,Vendor Payments Calendar Year 2023
"Kansas City, MO",city,data.kcmo.org,MSA SAFETY INCORPORATED,491.15,2023-10-03T00:00:00.000,Vendor Payments Calendar Year 2023
"Kansas City, MO",city,data.kcmo.org,MSA SAFETY INCORPORATED,1422.82,2023-10-03T00:00:00.000,Vendor Payments Calendar Year 2023
"Kansas City, MO",city,data.kcmo.org,MSA SAFETY INCORPORATED,858.93,2023-10-03T00:00:00.000,Vendor Payments Calendar Year 2023
"Kansas City, MO",city,data.kcmo.org,MSA SAFETY INCORPORATED,893.85,2023-10-03T00:00:00.000,Vendor Payments Calendar Year 2023
"Kansas City, MO",city,data.kcmo.org,MSA SAFETY INCORPORATED,1222.99,2023-10-10T00:00:00.000,Vendor Payments Calendar Year 2023
"Kansas City, MO",city,data.kcmo.org,MSA SAFETY INCORPORATED,358.0,2023-11-21T00:00:00.000,Vendor Payments Calendar Year 2023
"Kansas City, MO",city,data.kcmo.org,MSA SAFETY INCORPORATED,468.4,2025-01-07T00:00:00.000,Vendor Payments Calendar Year 2025
"Kansas City, MO",city,data.kcmo.org,MSA SAFETY INCORPORATED,553.25,2025-01-31T00:00:00.000,Vendor Payments Calendar Year 2025
"Kansas City, MO",city,data.kcmo.org,MSA SAFETY INCORPORATED,499.17,2025-03-21T00:00:00.000,Vendor Payments Calendar Year 2025
"Kansas City, MO",city,data.kcmo.org,MSA SAFETY INCORPORATED,726.0,2025-04-15T00:00:00.000,Vendor Payments Calendar Year 2025
"Kansas City, MO",city,data.kcmo.org,MSA SAFETY INCORPORATED,933.23,2025-04-15T00:00:00.000,Vendor Payments Calendar Year 2025
"Kansas City, MO",city,data.kcmo.org,MSA SAFETY INCORPORATED,511.75,2025-05-13T00:00:00.000,Vendor Payments Calendar Year 2025
"Kansas City, MO",city,data.kcmo.org,MSA SAFETY INCORPORATED,532.09,2025-05-16T00:00:00.000,Vendor Payments Calendar Year 2025
"Kansas City, MO",city,data.kcmo.org,MSA SAFETY INCORPORATED,780.27,2025-06-03T00:00:00.000,Vendor Payments Calendar Year 2025
"Kansas City, MO",city,data.kcmo.org,MSA SAFETY INCORPORATED,973.32,2025-06-10T00:00:00.000,Vendor Payments Calendar Year 2025
"Kansas City, MO",city,data.kcmo.org,MSA SAFETY INCORPORATED,1470.0,2025-07-25T00:00:00.000,Vendor Payments Calendar Year 2025
"Kansas City, MO",city,data.kcmo.org,MSA SAFETY INCORPORATED,1676.2,2025-09-16T00:00:00.000,Vendor Payments Calendar Year 2025
"Kansas City, MO",city,data.kcmo.org,MINE SAFETY APPLIANCES CO,2802.17,2017-02-10T00:00:00.000,Vendor Payments Calendar Year 2017
"Kansas City, MO",city,data.kcmo.org,MINE SAFETY APPLIANCES CO,2802.17,2017-02-10T00:00:00.000,Vendor Payments Calendar Year 2017
"Kansas City, MO",city,data.kcmo.org,MINE SAFETY APPLIANCES CO,2802.17,2017-02-10T00:00:00.000,Vendor Payments Calendar Year 2017
"Kansas City, MO",city,data.kcmo.org,MINE SAFETY APPLIANCES CO,2802.17,2017-02-10T00:00:00.000,Vendor Payments Calendar Year 2017
"Kansas City, MO",city,data.kcmo.org,MINE SAFETY APPLIANCES CO,2802.17,2017-02-10T00:00:00.000,Vendor Payments Calendar Year 2017
"Kansas City, MO",city,data.kcmo.org,MINE SAFETY APPLIANCES CO,2802.17,2017-02-10T00:00:00.000,Vendor Payments Calendar Year 2017
"Kansas City, MO",city,data.kcmo.org,MINE SAFETY APPLIANCES CO,2802.17,2017-02-10T00:00:00.000,Vendor Payments Calendar Year 2017
"Kansas City, MO",city,data.kcmo.org,MINE SAFETY APPLIANCES CO,3447.74,2017-06-19T00:00:00.000,Vendor Payments Calendar Year 2017
"Kansas City, MO",city,data.kcmo.org,MINE SAFETY APPLIANCES CO,3447.74,2017-06-19T00:00:00.000,Vendor Payments Calendar Year 2017
"Kansas City, MO",city,data.kcmo.org,MINE SAFETY APPLIANCES CO,3447.74,2017-06-19T00:00:00.000,Vendor Payments Calendar Year 2017
"Kansas City, MO",city,data.kcmo.org,MINE SAFETY APPLIANCES CO,3447.74,2017-06-19T00:00:00.000,Vendor Payments Calendar Year 2017
"Kansas City, MO",city,data.kcmo.org,MINE SAFETY APPLIANCES CO,3206.2,2017-07-21T00:00:00.000,Vendor Payments Calendar Year 2017
"Kansas City, MO",city,data.kcmo.org,MINE SAFETY APPLIANCES CO,3206.2,2017-07-21T00:00:00.000,Vendor Payments Calendar Year 2017
"Kansas City, MO",city,data.kcmo.org,MINE SAFETY APPLIANCES CO,3206.2,2017-07-21T00:00:00.000,Vendor Payments Calendar Year 2017
"Kansas City, MO",city,data.kcmo.org,MINE SAFETY APPLIANCES CO,419.49,2017-08-30T00:00:00.000,Vendor Payments Calendar Year 2017
"Kansas City, MO",city,data.kcmo.org,MINE SAFETY APPLIANCES CO,2036.96,2017-11-13T00:00:00.000,Vendor Payments Calendar Year 2017
"Kansas City, MO",city,data.kcmo.org,MINE SAFETY APPLIANCES CO,2036.96,2017-11-13T00:00:00.000,Vendor Payments Calendar Year 2017
"Kansas City, MO",city,data.kcmo.org,MINE SAFETY APPLIANCES CO,2036.96,2017-11-13T00:00:00.000,Vendor Payments Calendar Year 2017
"Kansas City, MO",city,data.kcmo.org,MINE SAFETY APPLIANCES CO,2186.51,2018-01-12T00:00:00.000,Vendor Payments Calendar Year 2018
"Kansas City, MO",city,data.kcmo.org,MINE SAFETY APPLIANCES CO,2186.51,2018-01-12T00:00:00.000,Vendor Payments Calendar Year 2018
"Kansas City, MO",city,data.kcmo.org,MINE SAFETY APPLIANCES CO,2186.51,2018-01-12T00:00:00.000,Vendor Payments Calendar Year 2018
"Kansas City, MO",city,data.kcmo.org,MINE SAFETY APPLIANCES CO,2186.51,2018-01-12T00:00:00.000,Vendor Payments Calendar Year 2018
"Kansas City, MO",city,data.kcmo.org,MINE SAFETY APPLIANCES CO,2186.51,2018-01-12T00:00:00.000,Vendor Payments Calendar Year 2018
"Kansas City, MO",city,data.kcmo.org,MINE SAFETY APPLIANCES CO,2186.51,2018-01-12T00:00:00.000,Vendor Payments Calendar Year 2018
"Kansas City, MO",city,data.kcmo.org,MINE SAFETY APPLIANCES CO,2186.51,2018-01-12T00:00:00.000,Vendor Payments Calendar Year 2018
"Kansas City, MO",city,data.kcmo.org,MINE SAFETY APPLIANCES CO,2482.77,2018-01-04T00:00:00.000,Vendor Payments Calendar Year 2018
"Kansas City, MO",city,data.kcmo.org,MINE SAFETY APPLIANCES CO,2482.77,2018-01-04T00:00:00.000,Vendor Payments Calendar Year 2018
"Kansas City, MO",city,data.kcmo.org,MINE SAFETY APPLIANCES CO,1551.65,2018-04-25T00:00:00.000,Vendor Payments Calendar Year 2018
"Kansas City, MO",city,data.kcmo.org,MINE SAFETY APPLIANCES CO,3060.69,2018-05-07T00:00:00.000,Vendor Payments Calendar Year 2018
"Kansas City, MO",city,data.kcmo.org,MINE SAFETY APPLIANCES CO,3060.69,2018-05-07T00:00:00.000,Vendor Payments Calendar Year 2018
"Kansas City, MO",city,data.kcmo.org,MINE SAFETY APPLIANCES CO,1316.64,2018-04-13T00:00:00.000,Vendor Payments Calendar Year 2018
"Kansas City, MO",city,data.kcmo.org,MINE SAFETY APPLIANCES CO,2937.41,2018-04-04T00:00:00.000,Vendor Payments Calendar Year 2018
"Kansas City, MO",city,data.kcmo.org,MINE SAFETY APPLIANCES CO,1551.65,2018-04-25T00:00:00.000,Vendor Payments Calendar Year 2018
"Kansas City, MO",city,data.kcmo.org,MINE SAFETY APPLIANCES CO,5557.5,2018-04-30T00:00:00.000,Vendor Payments Calendar Year 2018
"Kansas City, MO",city,data.kcmo.org,MINE SAFETY APPLIANCES CO,1241.64,2018-05-25T00:00:00.000,Vendor Payments Calendar Year 2018
"Kansas City, MO",city,data.kcmo.org,MINE SAFETY APPLIANCES CO,2937.41,2018-04-04T00:00:00.000,Vendor Payments Calendar Year 2018
"Kansas City, MO",city,data.kcmo.org,MINE SAFETY APPLIANCES CO,2937.41,2018-04-04T00:00:00.000,Vendor Payments Calendar Year 2018
"Kansas City, MO",city,data.kcmo.org,MINE SAFETY APPLIANCES CO,338.57,2018-03-07T00:00:00.000,Vendor Payments Calendar Year 2018
"Kansas City, MO",city,data.kcmo.org,MINE SAFETY APPLIANCES CO,874.51,2018-05-11T00:00:00.000,Vendor Payments Calendar Year 2018
"Kansas City, MO",city,data.kcmo.org,MINE SAFETY APPLIANCES CO,1241.64,2018-05-25T00:00:00.000,Vendor Payments Calendar Year 2018
"Kansas City, MO",city,data.kcmo.org,MINE SAFETY APPLIANCES CO,2937.41,2018-04-04T00:00:00.000,Vendor Payments Calendar Year 2018
"Kansas City, MO",city,data.kcmo.org,MINE SAFETY APPLIANCES CO,2937.41,2018-04-04T00:00:00.000,Vendor Payments Calendar Year 2018
"Kansas City, MO",city,data.kcmo.org,MINE SAFETY APPLIANCES CO,3060.69,2018-05-07T00:00:00.000,Vendor Payments Calendar Year 2018
"Kansas City, MO",city,data.kcmo.org,MINE SAFETY APPLIANCES CO,961.53,2018-06-13T00:00:00.000,Vendor Payments Calendar Year 2018
"Kansas City, MO",city,data.kcmo.org,MINE SAFETY APPLIANCES CO,547.56,2018-07-11T00:00:00.000,Vendor Payments Calendar Year 2018
"Kansas City, MO",city,data.kcmo.org,MINE SAFETY APPLIANCES CO,1016.61,2018-07-27T00:00:00.000,Vendor Payments Calendar Year 2018
"Kansas City, MO",city,data.kcmo.org,MINE SAFETY APPLIANCES CO,1016.61,2018-07-27T00:00:00.000,Vendor Payments Calendar Year 2018
"Kansas City, MO",city,data.kcmo.org,MINE SAFETY APPLIANCES CO,1374.09,2018-09-28T00:00:00.000,Vendor Payments Calendar Year 2018
"Kansas City, MO",city,data.kcmo.org,MINE SAFETY APPLIANCES CO,1374.09,2018-09-28T00:00:00.000,Vendor Payments Calendar Year 2018
"Kansas City, MO",city,data.kcmo.org,MINE SAFETY APPLIANCES CO,1092.1,2018-10-19T00:00:00.000,Vendor Payments Calendar Year 2018
"Kansas City, MO",city,data.kcmo.org,MINE SAFETY APPLIANCES CO,1092.1,2018-10-19T00:00:00.000,Vendor Payments Calendar Year 2018
"Kansas City, MO",city,data.kcmo.org,MINE SAFETY APPLIANCES CO,2101.01,2018-12-03T00:00:00.000,Vendor Payments Calendar Year 2018
"Kansas City, MO",city,data.kcmo.org,MINE SAFETY APPLIANCES CO,2101.01,2018-12-03T00:00:00.000,Vendor Payments Calendar Year 2018
"Kansas City, MO",city,data.kcmo.org,MSA SAFETY INCORPORATED,1242.51,2022-04-22T00:00:00.000,Vendor Payments Calendar Year 2022
"Kansas City, MO",city,data.kcmo.org,MSA SAFETY INCORPORATED,587.61,2022-12-23T00:00:00.000,Vendor Payments Calendar Year 2022
"Kansas City, MO",city,data.kcmo.org,MSA SAFETY INCORPORATED,872.45,2022-10-14T00:00:00.000,Vendor Payments Calendar Year 2022
"Kansas City, MO",city,data.kcmo.org,MSA SAFETY INCORPORATED,298.0,2022-06-14T00:00:00.000,Vendor Payments Calendar Year 2022
"Kansas City, MO",city,data.kcmo.org,MSA SAFETY INCORPORATED,1141.85,2022-11-10T00:00:00.000,Vendor Payments Calendar Year 2022
"Kansas City, MO",city,data.kcmo.org,MSA SAFETY INCORPORATED,628.34,2022-03-04T00:00:00.000,Vendor Payments Calendar Year 2022
"Kansas City, MO",city,data.kcmo.org,MSA SAFETY INCORPORATED,2144.51,2022-10-14T00:00:00.000,Vendor Payments Calendar Year 2022
"Kansas City, MO",city,data.kcmo.org,MSA SAFETY INCORPORATED,1169.3,2022-11-10T00:00:00.000,Vendor Payments Calendar Year 2022
"Kansas City, MO",city,data.kcmo.org,MSA SAFETY INCORPORATED,440.64,2022-03-04T00:00:00.000,Vendor Payments Calendar Year 2022
"Kansas City, MO",city,data.kcmo.org,MSA SAFETY INCORPORATED,1243.55,2022-06-24T00:00:00.000,Vendor Payments Calendar Year 2022
"Kansas City, MO",city,data.kcmo.org,MSA SAFETY INCORPORATED,707.87,2022-04-22T00:00:00.000,Vendor Payments Calendar Year 2022
"Kansas City, MO",city,data.kcmo.org,MSA SAFETY INCORPORATED,964.66,2022-03-04T00:00:00.000,Vendor Payments Calendar Year 2022
"Kansas City, MO",city,data.kcmo.org,MSA SAFETY INCORPORATED,465.11,2022-12-09T00:00:00.000,Vendor Payments Calendar Year 2022
"Kansas City, MO",city,data.kcmo.org,MSA SAFETY INCORPORATED,668.93,2022-06-14T00:00:00.000,Vendor Payments Calendar Year 2022
Vermont,state,data.vermont.gov,Mine Safety Appliances Co,504.22,2010-05-18T00:00:00.000,Old Vendor Payment Data
"Kansas City, MO",city,data.kcmo.org,MINE SAFETY APPLIANCES CO,825.88,2019-01-09T00:00:00.000,Vendor Payments Calendar Year 2019
"Kansas City, MO",city,data.kcmo.org,MINE SAFETY APPLIANCES CO,1458.45,2019-02-27T00:00:00.000,Vendor Payments Calendar Year 2019
"Kansas City, MO",city,data.kcmo.org,MINE SAFETY APPLIANCES CO,2547.52,2019-04-01T00:00:00.000,Vendor Payments Calendar Year 2019
"Kansas City, MO",city,data.kcmo.org,MINE SAFETY APPLIANCES CO,2547.52,2019-04-01T00:00:00.000,Vendor Payments Calendar Year 2019
"Kansas City, MO",city,data.kcmo.org,MINE SAFETY APPLIANCES CO,522.84,2019-04-05T00:00:00.000,Vendor Payments Calendar Year 2019
"Kansas City, MO",city,data.kcmo.org,MSA SAFETY INCORPORATED,3750.0,2019-04-23T00:00:00.000,Vendor Payments Calendar Year 2019
"Kansas City, MO",city,data.kcmo.org,MINE SAFETY APPLIANCES CO,2065.32,2019-04-22T00:00:00.000,Vendor Payments Calendar Year 2019
"Kansas City, MO",city,data.kcmo.org,MINE SAFETY APPLIANCES CO,825.48,2019-05-01T00:00:00.000,Vendor Payments Calendar Year 2019
"Kansas City, MO",city,data.kcmo.org,MINE SAFETY APPLIANCES CO,599.53,2019-05-31T00:00:00.000,Vendor Payments Calendar Year 2019
"Kansas City, MO",city,data.kcmo.org,MINE SAFETY APPLIANCES CO,599.53,2019-05-31T00:00:00.000,Vendor Payments Calendar Year 2019
"Kansas City, MO",city,data.kcmo.org,MINE SAFETY APPLIANCES CO,599.53,2019-05-31T00:00:00.000,Vendor Payments Calendar Year 2019
"Kansas City, MO",city,data.kcmo.org,MINE SAFETY APPLIANCES CO,599.53,2019-05-31T00:00:00.000,Vendor Payments Calendar Year 2019
"Kansas City, MO",city,data.kcmo.org,MINE SAFETY APPLIANCES CO,1940.71,2019-09-04T00:00:00.000,Vendor Payments Calendar Year 2019
"Kansas City, MO",city,data.kcmo.org,MINE SAFETY APPLIANCES CO,1940.71,2019-09-04T00:00:00.000,Vendor Payments Calendar Year 2019
"Kansas City, MO",city,data.kcmo.org,MINE SAFETY APPLIANCES CO,1602.16,2019-10-04T00:00:00.000,Vendor Payments Calendar Year 2019
"Kansas City, MO",city,data.kcmo.org,MINE SAFETY APPLIANCES CO,891.04,2019-10-09T00:00:00.000,Vendor Payments Calendar Year 2019
"Kansas City, MO",city,data.kcmo.org,MINE SAFETY APPLIANCES CO,891.04,2019-10-09T00:00:00.000,Vendor Payments Calendar Year 2019
"Kansas City, MO",city,data.kcmo.org,MINE SAFETY APPLIANCES CO,1333.29,2019-10-25T00:00:00.000,Vendor Payments Calendar Year 2019
"Kansas City, MO",city,data.kcmo.org,MINE SAFETY APPLIANCES CO,1333.29,2019-10-25T00:00:00.000,Vendor Payments Calendar Year 2019
"Kansas City, MO",city,data.kcmo.org,MINE SAFETY APPLIANCES CO,230.08,2019-11-20T00:00:00.000,Vendor Payments Calendar Year 2019
"Kansas City, MO",city,data.kcmo.org,MINE SAFETY APPLIANCES CO,1302.77,2019-12-20T00:00:00.000,Vendor Payments Calendar Year 2019
"Kansas City, MO",city,data.kcmo.org,MINE SAFETY APPLIANCES CO,1302.77,2019-12-20T00:00:00.000,Vendor Payments Calendar Year 2019
"Kansas City, MO",city,data.kcmo.org,MINE SAFETY APPLIANCES CO,1823.78,2019-12-23T00:00:00.000,Vendor Payments Calendar Year 2019
"Kansas City, MO",city,data.kcmo.org,MSA SAFETY INCORPORATED,686.73,2021-01-29T00:00:00.000,Vendor Payments Calendar Year 2021
"Kansas City, MO",city,data.kcmo.org,MSA SAFETY INCORPORATED,683.87,2021-01-29T00:00:00.000,Vendor Payments Calendar Year 2021
"Kansas City, MO",city,data.kcmo.org,MSA SAFETY INCORPORATED,711.5,2021-01-29T00:00:00.000,Vendor Payments Calendar Year 2021
"Kansas City, MO",city,data.kcmo.org,MSA SAFETY INCORPORATED,265.0,2021-01-29T00:00:00.000,Vendor Payments Calendar Year 2021
"Kansas City, MO",city,data.kcmo.org,MSA SAFETY INCORPORATED,2023.31,2021-01-29T00:00:00.000,Vendor Payments Calendar Year 2021
"Kansas City, MO",city,data.kcmo.org,MSA SAFETY INCORPORATED,707.54,2021-01-29T00:00:00.000,Vendor Payments Calendar Year 2021
"Kansas City, MO",city,data.kcmo.org,MSA SAFETY INCORPORATED,265.0,2021-01-29T00:00:00.000,Vendor Payments Calendar Year 2021
"Kansas City, MO",city,data.kcmo.org,MSA SAFETY INCORPORATED,537.01,2021-01-29T00:00:00.000,Vendor Payments Calendar Year 2021
"Kansas City, MO",city,data.kcmo.org,MSA SAFETY INCORPORATED,1573.57,2021-02-05T00:00:00.000,Vendor Payments Calendar Year 2021
"Kansas City, MO",city,data.kcmo.org,MSA SAFETY INCORPORATED,1738.14,2021-02-19T00:00:00.000,Vendor Payments Calendar Year 2021
"Kansas City, MO",city,data.kcmo.org,MSA SAFETY INCORPORATED,912.25,2021-02-19T00:00:00.000,Vendor Payments Calendar Year 2021
"Kansas City, MO",city,data.kcmo.org,MSA SAFETY INCORPORATED,664.33,2021-02-19T00:00:00.000,Vendor Payments Calendar Year 2021
"Kansas City, MO",city,data.kcmo.org,MSA SAFETY INCORPORATED,1017.92,2021-03-05T00:00:00.000,Vendor Payments Calendar Year 2021
"Kansas City, MO",city,data.kcmo.org,MSA SAFETY INCORPORATED,1485.75,2021-04-09T00:00:00.000,Vendor Payments Calendar Year 2021
"Kansas City, MO",city,data.kcmo.org,MSA SAFETY INCORPORATED,899.67,2021-04-09T00:00:00.000,Vendor Payments Calendar Year 2021
"Kansas City, MO",city,data.kcmo.org,MINE SAFETY APPLIANCES CO,986.89,2021-05-28T00:00:00.000,Vendor Payments Calendar Year 2021
"Kansas City, MO",city,data.kcmo.org,MSA SAFETY INCORPORATED,986.89,2021-06-25T00:00:00.000,Vendor Payments Calendar Year 2021
"Kansas City, MO",city,data.kcmo.org,MSA SAFETY INCORPORATED,1359.31,2021-06-25T00:00:00.000,Vendor Payments Calendar Year 2021
"Kansas City, MO",city,data.kcmo.org,MSA SAFETY INCORPORATED,412.74,2021-07-09T00:00:00.000,Vendor Payments Calendar Year 2021
"Kansas City, MO",city,data.kcmo.org,MSA SAFETY INCORPORATED,6217.91,2021-09-17T00:00:00.000,Vendor Payments Calendar Year 2021
"Kansas City, MO",city,data.kcmo.org,MSA SAFETY INCORPORATED,2225.01,2021-09-24T00:00:00.000,Vendor Payments Calendar Year 2021
"Kansas City, MO",city,data.kcmo.org,MINE SAFETY APPLIANCES CO,230.08,2020-01-22T00:00:00.000,Vendor Payments Calendar Year 2020
"Kansas City, MO",city,data.kcmo.org,MINE SAFETY APPLIANCES CO,904.92,2020-04-08T00:00:00.000,Vendor Payments Calendar Year 2020
"Kansas City, MO",city,data.kcmo.org,MINE SAFETY APPLIANCES CO,1305.09,2020-05-06T00:00:00.000,Vendor Payments Calendar Year 2020
"Kansas City, MO",city,data.kcmo.org,MINE SAFETY APPLIANCES CO,725.93,2020-09-09T00:00:00.000,Vendor Payments Calendar Year 2020
"Kansas City, MO",city,data.kcmo.org,MINE SAFETY APPLIANCES CO,725.93,2020-09-11T00:00:00.000,Vendor Payments Calendar Year 2020
"Kansas City, MO",city,data.kcmo.org,MINE SAFETY APPLIANCES CO,1287.89,2020-09-18T00:00:00.000,Vendor Payments Calendar Year 2020
"Kansas City, MO",city,data.kcmo.org,MSA SAFETY INCORPORATED,506.23,2020-04-10T00:00:00.000,Vendor Payments Calendar Year 2020
"Kansas City, MO",city,data.kcmo.org,MSA SAFETY INCORPORATED,350.77,2020-04-10T00:00:00.000,Vendor Payments Calendar Year 2020
"Kansas City, MO",city,data.kcmo.org,MSA SAFETY INCORPORATED,595.12,2020-04-10T00:00:00.000,Vendor Payments Calendar Year 2020
"Kansas City, MO",city,data.kcmo.org,MSA SAFETY INCORPORATED,194.4,2020-04-10T00:00:00.000,Vendor Payments Calendar Year 2020
"Kansas City, MO",city,data.kcmo.org,MSA SAFETY INCORPORATED,1552.67,2020-04-10T00:00:00.000,Vendor Payments Calendar Year 2020
"Kansas City, MO",city,data.kcmo.org,MSA SAFETY INCORPORATED,1707.63,2020-04-14T00:00:00.000,Vendor Payments Calendar Year 2020
"Kansas City, MO",city,data.kcmo.org,MSA SAFETY INCORPORATED,1186.34,2020-04-14T00:00:00.000,Vendor Payments Calendar Year 2020
"Kansas City, MO",city,data.kcmo.org,MSA SAFETY INCORPORATED,677.22,2020-04-14T00:00:00.000,Vendor Payments Calendar Year 2020
"Kansas City, MO",city,data.kcmo.org,MSA SAFETY INCORPORATED,2036.01,2020-04-14T00:00:00.000,Vendor Payments Calendar Year 2020
"Kansas City, MO",city,data.kcmo.org,MSA SAFETY INCORPORATED,904.92,2020-04-14T00:00:00.000,Vendor Payments Calendar Year 2020
"Kansas City, MO",city,data.kcmo.org,MSA SAFETY INCORPORATED,469.18,2020-08-18T00:00:00.000,Vendor Payments Calendar Year 2020
"Kansas City, MO",city,data.kcmo.org,MSA SAFETY INCORPORATED,725.93,2020-08-28T00:00:00.000,Vendor Payments Calendar Year 2020
"Kansas City, MO",city,data.kcmo.org,MSA SAFETY INCORPORATED,391.68,2020-11-20T00:00:00.000,Vendor Payments Calendar Year 2020
"Kansas City, MO",city,data.kcmo.org,MSA SAFETY INCORPORATED,933.33,2020-11-20T00:00:00.000,Vendor Payments Calendar Year 2020
"Kansas City, MO",city,data.kcmo.org,MSA SAFETY INCORPORATED,1287.79,2020-11-20T00:00:00.000,Vendor Payments Calendar Year 2020
"Kansas City, MO",city,data.kcmo.org,MSA SAFETY INCORPORATED,746.94,2020-11-20T00:00:00.000,Vendor Payments Calendar Year 2020
"Kansas City, MO",city,data.kcmo.org,MSA SAFETY INCORPORATED,155.0,2020-11-20T00:00:00.000,Vendor Payments Calendar Year 2020
"Kansas City, MO",city,data.kcmo.org,MSA SAFETY INCORPORATED,2252.92,2020-11-18T00:00:00.000,Vendor Payments Calendar Year 2020
"Kansas City, MO",city,data.kcmo.org,MSA SAFETY INCORPORATED,155.0,2020-11-18T00:00:00.000,Vendor Payments Calendar Year 2020
"Chicago, IL",city,data.cityofchicago.org,MINE SAFETY APPLIANCE CO,5915.0,2002,Payments
Vermont,state,data.vermont.gov,"Mine Safety Appliances Co, LLC",1740.0,2017-12-31T00:00:00.000,Vermont Vendor Payments
Vermont,state,data.vermont.gov,"Mine Safety Appliances Co, LLC",3150.0,2015-06-30T00:00:00.000,Vermont Vendor Payments
Vermont,state,data.vermont.gov,Mine Safety Appliances Co,504.22,2010-06-30T00:00:00.000,Vermont Vendor Payments
"Cook County, IL",county,datacatalog.cookcountyil.gov,MINE SAFETY APPLIANCES CO LLC,1670.0,2019-03-12T00:00:00.000,Cook County Check Register
"Cook County, IL",county,datacatalog.cookcountyil.gov,MINE SAFETY APPLIANCES CO LLC,4500.0,2017-10-19T00:00:00.000,Cook County Check Register
"Cook County, IL",county,datacatalog.cookcountyil.gov,MINE SAFETY APPLIANCES CO LLC,1450.0,2019-07-15T00:00:00.000,Cook County Check Register
"Cook County, IL",county,datacatalog.cookcountyil.gov,MINE SAFETY APPLIANCES CO LLC,780.0,2019-12-05T00:00:00.000,Cook County Check Register
"Cook County, IL",county,datacatalog.cookcountyil.gov,MINE SAFETY APPLIANCES CO LLC,3080.0,2021-08-19T00:00:00.000,Cook County Check Register
"Cook County, IL",county,datacatalog.cookcountyil.gov,MINE SAFETY APPLIANCES CO LLC,2798.0,2024-12-10T00:00:00.000,Cook County Check Register
New Jersey,state,data.nj.gov,"MSA SAFETY SALES, LLC",10.0,2021,YourMoney Agency Purchasing
New Jersey,state,data.nj.gov,"MSA SAFETY SALES, LLC",670.0,2021,YourMoney Agency Purchasing
New Jersey,state,data.nj.gov,"MSA SAFETY SALES, LLC",17.0,2021,YourMoney Agency Purchasing
New Jersey,state,data.nj.gov,"MSA SAFETY SALES, LLC",265.0,2021,YourMoney Agency Purchasing
New Jersey,state,data.nj.gov,"MSA SAFETY SALES, LLC",596.0,2021,YourMoney Agency Purchasing
New Jersey,state,data.nj.gov,"MSA SAFETY SALES, LLC",203.0,2016,YourMoney Agency Purchasing
New Jersey,state,data.nj.gov,"MSA SAFETY SALES, LLC",203.0,2016,YourMoney Agency Purchasing
New Jersey,state,data.nj.gov,"MSA SAFETY SALES, LLC",2940.0,2015,YourMoney Agency Purchasing
New Jersey,state,data.nj.gov,"MSA SAFETY SALES, LLC",8385.0,2013,YourMoney Agency Purchasing
New Jersey,state,data.nj.gov,"MSA SAFETY SALES, LLC",6317.0,2012,YourMoney Agency Purchasing
New Jersey,state,data.nj.gov,"MSA SAFETY SALES, LLC",1350.0,2011,YourMoney Agency Purchasing
New Jersey,state,data.nj.gov,"MSA SAFETY SALES, LLC",7390.0,2011,YourMoney Agency Purchasing
New Jersey,state,data.nj.gov,"MSA SAFETY SALES, LLC",4822.0,2010,YourMoney Agency Purchasing
New Jersey,state,data.nj.gov,"MSA SAFETY SALES, LLC",1530.0,2009,YourMoney Agency Purchasing
New Jersey,state,data.nj.gov,"MSA SAFETY SALES, LLC",10733.0,2008,YourMoney Agency Purchasing
New Jersey,state,data.nj.gov,"MSA SAFETY SALES, LLC",1050.0,2007,YourMoney Agency Purchasing
New Jersey,state,data.nj.gov,"MSA SAFETY SALES, LLC",6668.0,2007,YourMoney Agency Purchasing
New Jersey,state,data.nj.gov,"MSA SAFETY SALES, LLC",2900.0,2006,YourMoney Agency Purchasing
New Jersey,state,data.nj.gov,"MSA SAFETY SALES, LLC",5123.0,2006,YourMoney Agency Purchasing
New Jersey,state,data.nj.gov,"MSA SAFETY SALES, LLC",17786.0,2005,YourMoney Agency Purchasing
New Jersey,state,data.nj.gov,"MSA SAFETY SALES, LLC",224.0,2005,YourMoney Agency Purchasing
New Jersey,state,data.nj.gov,"MSA SAFETY SALES, LLC",1520.0,2005,YourMoney Agency Purchasing
New Jersey,state,data.nj.gov,"MSA SAFETY SALES, LLC",3973.0,2004,YourMoney Agency Purchasing
New Jersey,state,data.nj.gov,"MSA SAFETY SALES, LLC",418.0,2004,YourMoney Agency Purchasing
New Jersey,state,data.nj.gov,"MSA SAFETY SALES, LLC",1525.0,2004,YourMoney Agency Purchasing
New Jersey,state,data.nj.gov,"MSA SAFETY SALES, LLC",6406.0,2004,YourMoney Agency Purchasing
"Atlanta, GA",city,atlanta.data.socrata.com,MINE SAFETY APPLIANCES COMPANY,650.17,2017-10-13T00:00:00.000,Open Checkbook Ledger Dataset
"Atlanta, GA",city,atlanta.data.socrata.com,MINE SAFETY APPLIANCES COMPANY,784.04,2017-10-13T00:00:00.000,Open Checkbook Ledger Dataset
"Atlanta, GA",city,atlanta.data.socrata.com,MINE SAFETY APPLIANCES COMPANY,916.23,2017-10-13T00:00:00.000,Open Checkbook Ledger Dataset
"Atlanta, GA",city,atlanta.data.socrata.com,MINE SAFETY APPLIANCES COMPANY,954.4,2017-10-13T00:00:00.000,Open Checkbook Ledger Dataset
"Atlanta, GA",city,atlanta.data.socrata.com,MINE SAFETY APPLIANCES COMPANY,1074.91,2017-10-13T00:00:00.000,Open Checkbook Ledger Dataset
"Atlanta, GA",city,atlanta.data.socrata.com,MINE SAFETY APPLIANCES COMPANY,1062.97,2017-08-04T00:00:00.000,Open Checkbook Ledger Dataset
"Atlanta, GA",city,atlanta.data.socrata.com,MINE SAFETY APPLIANCES COMPANY,1117.02,2017-08-04T00:00:00.000,Open Checkbook Ledger Dataset
"Atlanta, GA",city,atlanta.data.socrata.com,MINE SAFETY APPLIANCES COMPANY,1295.14,2017-08-04T00:00:00.000,Open Checkbook Ledger Dataset
"Atlanta, GA",city,atlanta.data.socrata.com,MINE SAFETY APPLIANCES COMPANY,411.46,2017-09-25T00:00:00.000,Open Checkbook Ledger Dataset
"Atlanta, GA",city,atlanta.data.socrata.com,MINE SAFETY APPLIANCES COMPANY,541.05,2017-09-25T00:00:00.000,Open Checkbook Ledger Dataset
"Atlanta, GA",city,atlanta.data.socrata.com,MINE SAFETY APPLIANCES COMPANY,779.12,2017-09-25T00:00:00.000,Open Checkbook Ledger Dataset
"Atlanta, GA",city,atlanta.data.socrata.com,MINE SAFETY APPLIANCES COMPANY,710.88,2017-12-28T00:00:00.000,Open Checkbook Ledger Dataset
"Atlanta, GA",city,atlanta.data.socrata.com,MINE SAFETY APPLIANCES COMPANY,1776.98,2017-12-28T00:00:00.000,Open Checkbook Ledger Dataset
Oregon,state,data.oregon.gov,MSA SAFETY SALES LLC,3231.79,2023,Agency Expenditures – Multi-Year Report
"Los Angeles, CA",city,controllerdata.lacity.org,"MSA SAFETY SALES, LLC",15026.97,2026-03-12T00:00:00.000,Checkbook L.A. Data
"Los Angeles, CA",city,controllerdata.lacity.org,"MSA SAFETY SALES, LLC",667.28,2026-03-12T00:00:00.000,Checkbook L.A. Data
"Los Angeles, CA",city,controllerdata.lacity.org,"MSA SAFETY SALES, LLC",107.25,2026-03-12T00:00:00.000,Checkbook L.A. Data
"Los Angeles, CA",city,controllerdata.lacity.org,"MSA SAFETY SALES, LLC",11629.11,2026-01-13T00:00:00.000,Checkbook L.A. Data
"Los Angeles, CA",city,controllerdata.lacity.org,"MSA SAFETY SALES, LLC",4403.17,2026-01-13T00:00:00.000,Checkbook L.A. Data
"Los Angeles, CA",city,controllerdata.lacity.org,"MSA SAFETY SALES, LLC",1334.56,2026-01-13T00:00:00.000,Checkbook L.A. Data
"Los Angeles, CA",city,controllerdata.lacity.org,"MSA SAFETY SALES, LLC",73.17,2026-01-13T00:00:00.000,Checkbook L.A. Data
"Los Angeles, CA",city,controllerdata.lacity.org,"MSA SAFETY SALES, LLC",19.3,2026-01-13T00:00:00.000,Checkbook L.A. Data
"Los Angeles, CA",city,controllerdata.lacity.org,"MSA SAFETY SALES, LLC",4073.4,2023-05-01T00:00:00.000,Checkbook L.A. Data
"Los Angeles, CA",city,controllerdata.lacity.org,"MSA SAFETY SALES, LLC",34.67,2023-05-01T00:00:00.000,Checkbook L.A. Data
"Los Angeles, CA",city,controllerdata.lacity.org,"MSA SAFETY SALES, LLC",870.53,2022-11-10T00:00:00.000,Checkbook L.A. Data
"Los Angeles, CA",city,controllerdata.lacity.org,"MSA SAFETY SALES, LLC",20.05,2022-11-10T00:00:00.000,Checkbook L.A. Data
"Los Angeles, CA",city,controllerdata.lacity.org,"MSA SAFETY SALES, LLC",2562.3,2021-01-13T00:00:00.000,Checkbook L.A. Data
"Los Angeles, CA",city,controllerdata.lacity.org,"MSA SAFETY SALES, LLC",18.24,2021-01-13T00:00:00.000,Checkbook L.A. Data
"Los Angeles, CA",city,controllerdata.lacity.org,"MSA SAFETY SALES, LLC",717.23,2020-12-02T00:00:00.000,Checkbook L.A. Data
"Los Angeles, CA",city,controllerdata.lacity.org,"MSA SAFETY SALES, LLC",14.45,2020-12-02T00:00:00.000,Checkbook L.A. Data
"Los Angeles, CA",city,controllerdata.lacity.org,"MSA SAFETY SALES, LLC",1921.73,2020-10-26T00:00:00.000,Checkbook L.A. Data
"Los Angeles, CA",city,controllerdata.lacity.org,"MSA SAFETY SALES, LLC",24.19,2020-10-26T00:00:00.000,Checkbook L.A. Data
"Los Angeles, CA",city,controllerdata.lacity.org,MINE SAFETY APPLIANCES CO,717.23,2020-09-29T00:00:00.000,Checkbook L.A. Data
"Los Angeles, CA",city,controllerdata.lacity.org,MINE SAFETY APPLIANCES CO,448.95,2020-09-11T00:00:00.000,Checkbook L.A. Data
"Los Angeles, CA",city,controllerdata.lacity.org,MINE SAFETY APPLIANCES CO,399.68,2020-09-14T00:00:00.000,Checkbook L.A. Data
"Los Angeles, CA",city,controllerdata.lacity.org,MINE SAFETY APPLIANCES CO,375.59,2020-09-14T00:00:00.000,Checkbook L.A. Data
"Los Angeles, CA",city,controllerdata.lacity.org,MINE SAFETY APPLIANCES CO,227.76,2020-09-11T00:00:00.000,Checkbook L.A. Data
"Los Angeles, CA",city,controllerdata.lacity.org,MINE SAFETY APPLIANCES CO,227.76,2020-09-11T00:00:00.000,Checkbook L.A. Data
"Los Angeles, CA",city,controllerdata.lacity.org,MINE SAFETY APPLIANCES CO,50.94,2020-09-11T00:00:00.000,Checkbook L.A. Data
"Los Angeles, CA",city,controllerdata.lacity.org,MINE SAFETY APPLIANCES CO,40.52,2020-09-14T00:00:00.000,Checkbook L.A. Data
"Los Angeles, CA",city,controllerdata.lacity.org,MINE SAFETY APPLIANCES CO,25.0,2020-09-14T00:00:00.000,Checkbook L.A. Data
"Los Angeles, CA",city,controllerdata.lacity.org,MINE SAFETY APPLIANCES CO,14.48,2020-09-29T00:00:00.000,Checkbook L.A. Data
"Los Angeles, CA",city,controllerdata.lacity.org,MINE SAFETY APPLIANCES CO,2562.3,2020-06-08T00:00:00.000,Checkbook L.A. Data
"Los Angeles, CA",city,controllerdata.lacity.org,MINE SAFETY APPLIANCES CO,717.22,2020-06-01T00:00:00.000,Checkbook L.A. Data
"Los Angeles, CA",city,controllerdata.lacity.org,MINE SAFETY APPLIANCES CO,26.29,2020-06-08T00:00:00.000,Checkbook L.A. Data
"Los Angeles, CA",city,controllerdata.lacity.org,MINE SAFETY APPLIANCES CO,14.48,2020-06-01T00:00:00.000,Checkbook L.A. Data
"Los Angeles, CA",city,controllerdata.lacity.org,MINE SAFETY APPLIANCES CO,1434.45,2020-03-18T00:00:00.000,Checkbook L.A. Data
"Los Angeles, CA",city,controllerdata.lacity.org,MINE SAFETY APPLIANCES CO,4.55,2020-03-18T00:00:00.000,Checkbook L.A. Data
"Los Angeles, CA",city,controllerdata.lacity.org,MINE SAFETY APPLIANCES CO,684.38,2020-01-15T00:00:00.000,Checkbook L.A. Data
"Los Angeles, CA",city,controllerdata.lacity.org,MINE SAFETY APPLIANCES CO,2.1,2020-01-15T00:00:00.000,Checkbook L.A. Data
"Los Angeles, CA",city,controllerdata.lacity.org,MINE SAFETY APPLIANCES CO,2452.8,2019-11-06T00:00:00.000,Checkbook L.A. Data
"Los Angeles, CA",city,controllerdata.lacity.org,MINE SAFETY APPLIANCES CO,7.7,2019-11-06T00:00:00.000,Checkbook L.A. Data
"Los Angeles, CA",city,controllerdata.lacity.org,MINE SAFETY APPLIANCES CO,5529.75,2019-10-25T00:00:00.000,Checkbook L.A. Data
"Los Angeles, CA",city,controllerdata.lacity.org,MINE SAFETY APPLIANCES CO,1697.25,2019-10-18T00:00:00.000,Checkbook L.A. Data
"Los Angeles, CA",city,controllerdata.lacity.org,MINE SAFETY APPLIANCES CO,17.5,2019-10-25T00:00:00.000,Checkbook L.A. Data
"Los Angeles, CA",city,controllerdata.lacity.org,MINE SAFETY APPLIANCES CO,5.25,2019-10-18T00:00:00.000,Checkbook L.A. Data
"Los Angeles, CA",city,controllerdata.lacity.org,MINE SAFETY APPLIANCES CO,1215.45,2019-09-30T00:00:00.000,Checkbook L.A. Data
"Los Angeles, CA",city,controllerdata.lacity.org,MINE SAFETY APPLIANCES CO,3.85,2019-09-30T00:00:00.000,Checkbook L.A. Data
"Los Angeles, CA",city,controllerdata.lacity.org,MINE SAFETY APPLIANCES CO,1241.73,2019-07-15T00:00:00.000,Checkbook L.A. Data
"Los Angeles, CA",city,controllerdata.lacity.org,MINE SAFETY APPLIANCES CO,697.52,2019-07-15T00:00:00.000,Checkbook L.A. Data
"Los Angeles, CA",city,controllerdata.lacity.org,MINE SAFETY APPLIANCES CO,4470.89,2018-11-14T00:00:00.000,Checkbook L.A. Data
"Los Angeles, CA",city,controllerdata.lacity.org,MINE SAFETY APPLIANCES CO,1455.26,2018-10-25T00:00:00.000,Checkbook L.A. Data
"Los Angeles, CA",city,controllerdata.lacity.org,MINE SAFETY APPLIANCES CO,18.41,2018-10-25T00:00:00.000,Checkbook L.A. Data
"Los Angeles, CA",city,controllerdata.lacity.org,MINE SAFETY APPLIANCES CO,2409.0,2018-04-11T00:00:00.000,Checkbook L.A. Data
"Los Angeles, CA",city,controllerdata.lacity.org,MINE SAFETY APPLIANCES CO,2058.6,2018-04-12T00:00:00.000,Checkbook L.A. Data
"Los Angeles, CA",city,controllerdata.lacity.org,MINE SAFETY APPLIANCES CO,22.22,2018-04-11T00:00:00.000,Checkbook L.A. Data
"Los Angeles, CA",city,controllerdata.lacity.org,MINE SAFETY APPLIANCES CO,17.78,2018-04-12T00:00:00.000,Checkbook L.A. Data
Connecticut,state,data.ct.gov,MINE SAFETY APPLIANCES CO,1.0,2013-04-04T00:00:00.000,State of CT: Open Expenditures - Ledger Archive
Connecticut,state,data.ct.gov,MINE SAFETY APPLIANCES CO,1.0,2013-01-04T00:00:00.000,State of CT: Open Expenditures - Ledger Archive
Connecticut,state,data.ct.gov,MINE SAFETY APPLIANCES CO,1.0,2016-10-06T00:00:00.000,State of CT: Open Expenditures - Ledger Archive
Connecticut,state,data.ct.gov,MINE SAFETY APPLIANCES CO,1.0,2016-10-06T00:00:00.000,State of CT: Open Expenditures - Ledger Archive
"Chicago, IL",city,data.cityofchicago.org,MINE SAFETY APPLIANCE CO,5915.0,1996-07-01T00:00:00.000,Contracts
opendata.cityofmesquite.com,local,opendata.cityofmesquite.com,MSA SAFETY INCORPORATED,1635.0,2025-01-22T00:00:00.000,Check Register for Open Checkbook
New York State,state,data.ny.gov,MSA DBA MINE SAFETY APPLIANCES CO LLC,1200.0,2019-06-30T00:00:00.000,Procurement Report for Local Authorities
"Cook County, IL",county,datacatalog.cookcountyil.gov,MINE SAFETY APPLIANCES CO LLC,1450.0,2019-07-15T00:00:00.000,CCP Invoice Register
"Cook County, IL",county,datacatalog.cookcountyil.gov,MINE SAFETY APPLIANCES CO LLC,780.0,2019-12-05T00:00:00.000,CCP Invoice Register
"Cook County, IL",county,datacatalog.cookcountyil.gov,MINE SAFETY APPLIANCES CO LLC,4500.0,2017-10-19T00:00:00.000,CCP Invoice Register
"Cook County, IL",county,datacatalog.cookcountyil.gov,MINE SAFETY APPLIANCES CO LLC,1670.0,2019-03-12T00:00:00.000,CCP Invoice Register
"Cook County, IL",county,datacatalog.cookcountyil.gov,MINE SAFETY APPLIANCES CO LLC,3080.0,2021-08-19T00:00:00.000,CCP Invoice Register
"Cook County, IL",county,datacatalog.cookcountyil.gov,MINE SAFETY APPLIANCES CO LLC,3080.0,2021-08-19T00:00:00.000,CCP Invoice Register
"Cook County, IL",county,datacatalog.cookcountyil.gov,MINE SAFETY APPLIANCES CO LLC,2798.0,2024-12-10T00:00:00.000,CCP Invoice Register
"Cook County, IL",county,datacatalog.cookcountyil.gov,MINE SAFETY APPLIANCES CO LLC,2798.0,2024-12-10T00:00:00.000,CCP Invoice Register
New York State,state,data.ny.gov,MSA SAFETY INCORPORATED,5949.0,2024-12-31T00:00:00.000,Procurement Report for State Authorities
New York State,state,data.ny.gov,MSA SAFETY SALES,7632.25,2021-12-31T00:00:00.000,Procurement Report for State Authorities
New York State,state,data.ny.gov,MSA SAFETY SALES,12198.68,2024-12-31T00:00:00.000,Procurement Report for State Authorities
Connecticut,state,data.ct.gov,MINE SAFETY APPLIANCES CO,2000.0,2013-01-04T00:00:00.000,State of CT: Open Expenditures - Ledger – ARCHIVE ---Deprecated
Connecticut,state,data.ct.gov,MINE SAFETY APPLIANCES CO,390.28,2013-04-04T00:00:00.000,State of CT: Open Expenditures - Ledger – ARCHIVE ---Deprecated
Connecticut,state,data.ct.gov,MINE SAFETY APPLIANCES CO,3225.0,2016-10-06T00:00:00.000,State of CT: Open Expenditures - Ledger – ARCHIVE ---Deprecated
Connecticut,state,data.ct.gov,MINE SAFETY APPLIANCES CO,1695.0,2016-10-06T00:00:00.000,State of CT: Open Expenditures - Ledger – ARCHIVE ---Deprecated
Missouri,state,data.mo.gov,MINE SAFETY APPLIANCES CO,101.91,2000,2000 State Expenditures
Missouri,state,data.mo.gov,MINE SAFETY APPLIANCES CO,634.85,2000,2000 State Expenditures
Missouri,state,data.mo.gov,MINE SAFETY APPLIANCES CO,239.05,2000,2000 State Expenditures
Missouri,state,data.mo.gov,MINE SAFETY APPLIANCES COMPANY,2873.23,2015,2015 State Expenditures
Missouri,state,data.mo.gov,MINE SAFETY APPLIANCES COMPANY,2938.0,2015,2015 State Expenditures
Delaware,state,data.delaware.gov,MINE SAFETY APPLIANCES CO,558.44,2010-07-22T00:00:00.000,Archived State of Delaware Checkbook
Delaware,state,data.delaware.gov,MINE SAFETY APPLIANCES CO,84.59,2010-07-29T00:00:00.000,Archived State of Delaware Checkbook
Delaware,state,data.delaware.gov,MINE SAFETY APPLIANCES CO,1863.7,2010-08-24T00:00:00.000,Archived State of Delaware Checkbook
Delaware,state,data.delaware.gov,MINE SAFETY APPLIANCES CO,15.73,2010-10-07T00:00:00.000,Archived State of Delaware Checkbook
Delaware,state,data.delaware.gov,MINE SAFETY APPLIANCES CO,82000.0,2010-10-19T00:00:00.000,Archived State of Delaware Checkbook
Delaware,state,data.delaware.gov,MINE SAFETY APPLIANCES CO,5098.0,2010-10-19T00:00:00.000,Archived State of Delaware Checkbook
Delaware,state,data.delaware.gov,MINE SAFETY APPLIANCES CO,142.56,2010-11-03T00:00:00.000,Archived State of Delaware Checkbook
Delaware,state,data.delaware.gov,MINE SAFETY APPLIANCES CO,635.08,2010-12-15T00:00:00.000,Archived State of Delaware Checkbook
Delaware,state,data.delaware.gov,MINE SAFETY APPLIANCES CO,295.0,2011-02-04T00:00:00.000,Archived State of Delaware Checkbook
Delaware,state,data.delaware.gov,MINE SAFETY APPLIANCES CO,412.87,2011-04-08T00:00:00.000,Archived State of Delaware Checkbook
Delaware,state,data.delaware.gov,MINE SAFETY APPLIANCES CO,1182.22,2011-05-03T00:00:00.000,Archived State of Delaware Checkbook
Delaware,state,data.delaware.gov,MINE SAFETY APPLIANCES CO,361.6,2011-05-03T00:00:00.000,Archived State of Delaware Checkbook
Delaware,state,data.delaware.gov,MINE SAFETY APPLIANCES CO,60.76,2011-05-26T00:00:00.000,Archived State of Delaware Checkbook
Delaware,state,data.delaware.gov,MINE SAFETY APPLIANCES CO,251.86,2011-06-06T00:00:00.000,Archived State of Delaware Checkbook
Delaware,state,data.delaware.gov,MINE SAFETY APPLIANCES CO,3142.0,2011-06-06T00:00:00.000,Archived State of Delaware Checkbook
Delaware,state,data.delaware.gov,MINE SAFETY APPLIANCES CO,967.66,2011-10-28T00:00:00.000,Archived State of Delaware Checkbook
Delaware,state,data.delaware.gov,MINE SAFETY APPLIANCES CO,1837.0,2012-01-20T00:00:00.000,Archived State of Delaware Checkbook
Delaware,state,data.delaware.gov,MINE SAFETY APPLIANCES CO,1438.68,2012-04-12T00:00:00.000,Archived State of Delaware Checkbook
Delaware,state,data.delaware.gov,MINE SAFETY APPLIANCES CO,1335.78,2012-01-20T00:00:00.000,Archived State of Delaware Checkbook
Delaware,state,data.delaware.gov,MINE SAFETY APPLIANCES CO,5339.84,2011-09-12T00:00:00.000,Archived State of Delaware Checkbook
Delaware,state,data.delaware.gov,MINE SAFETY APPLIANCES CO,1513.24,2012-04-26T00:00:00.000,Archived State of Delaware Checkbook
Delaware,state,data.delaware.gov,MINE SAFETY APPLIANCES CO,230.98,2011-11-08T00:00:00.000,Archived State of Delaware Checkbook
Delaware,state,data.delaware.gov,MINE SAFETY APPLIANCES CO,2096.24,2012-03-07T00:00:00.000,Archived State of Delaware Checkbook
Delaware,state,data.delaware.gov,MINE SAFETY APPLIANCES CO,1835.43,2012-02-24T00:00:00.000,Archived State of Delaware Checkbook
Delaware,state,data.delaware.gov,MINE SAFETY APPLIANCES CO,1050.0,2013-04-10T00:00:00.000,Archived State of Delaware Checkbook
Delaware,state,data.delaware.gov,MINE SAFETY APPLIANCES CO,2109.65,2013-06-18T00:00:00.000,Archived State of Delaware Checkbook
Delaware,state,data.delaware.gov,MINE SAFETY APPLIANCES CO,1929.15,2012-07-30T00:00:00.000,Archived State of Delaware Checkbook
Delaware,state,data.delaware.gov,MINE SAFETY APPLIANCES CO,106.3,2013-05-30T00:00:00.000,Archived State of Delaware Checkbook
Delaware,state,data.delaware.gov,MINE SAFETY APPLIANCES CO,66.03,2013-01-10T00:00:00.000,Archived State of Delaware Checkbook
Delaware,state,data.delaware.gov,MINE SAFETY APPLIANCES CO,1724.33,2012-07-20T00:00:00.000,Archived State of Delaware Checkbook
Delaware,state,data.delaware.gov,MINE SAFETY APPLIANCES CO,1869.1,2012-12-18T00:00:00.000,Archived State of Delaware Checkbook
Delaware,state,data.delaware.gov,MINE SAFETY APPLIANCES CO,3028.29,2013-12-03T00:00:00.000,Archived State of Delaware Checkbook
Delaware,state,data.delaware.gov,MINE SAFETY APPLIANCES CO,492.01,2013-08-07T00:00:00.000,Archived State of Delaware Checkbook
Delaware,state,data.delaware.gov,MINE SAFETY APPLIANCES CO,123.98,2014-06-10T00:00:00.000,Archived State of Delaware Checkbook
Delaware,state,data.delaware.gov,MINE SAFETY APPLIANCES CO,733.14,2014-02-28T00:00:00.000,Archived State of Delaware Checkbook
Delaware,state,data.delaware.gov,MINE SAFETY APPLIANCES CO,25.54,2014-05-30T00:00:00.000,Archived State of Delaware Checkbook
Delaware,state,data.delaware.gov,MINE SAFETY APPLIANCES CO,37.24,2013-08-19T00:00:00.000,Archived State of Delaware Checkbook
Delaware,state,data.delaware.gov,MINE SAFETY APPLIANCES CO,2245.55,2014-02-12T00:00:00.000,Archived State of Delaware Checkbook
Missouri,state,data.mo.gov,MINE SAFETY APPLIANCES COMPANY,4000.0,2009,2009 State Expenditures
Missouri,state,data.mo.gov,MINE SAFETY APPLIANCES COMPANY,179.69,2009,2009 State Expenditures
Missouri,state,data.mo.gov,MINE SAFETY APPLIANCES COMPANY,12.08,2009,2009 State Expenditures
Missouri,state,data.mo.gov,MINE SAFETY APPLIANCES COMPANY,3329.92,2009,2009 State Expenditures
Missouri,state,data.mo.gov,MINE SAFETY APPLIANCES COMPANY,164.0,2013,2013 State Expenditures
Missouri,state,data.mo.gov,MINE SAFETY APPLIANCES COMPANY,1064.76,2013,2013 State Expenditures
Missouri,state,data.mo.gov,MINE SAFETY APPLIANCES COMPANY,549.76,2014,2014 State Expenditures
Missouri,state,data.mo.gov,MINE SAFETY APPLIANCES COMPANY,3051.2,2008,2008 State Expenditures
Missouri,state,data.mo.gov,MINE SAFETY APPLIANCES CO,64.08,2002,2002 State Expenditures
Missouri,state,data.mo.gov,MINE SAFETY APPLIANCES CO,1050.2,2003,2003 State Expenditures
Missouri,state,data.mo.gov,MINE SAFETY APPLIANCES CO,357.0,2003,2003 State Expenditures
Missouri,state,data.mo.gov,MINE SAFETY APPLIANCES CO,100.0,2003,2003 State Expenditures
Missouri,state,data.mo.gov,MINE SAFETY APPLIANCES CO,578.37,2003,2003 State Expenditures
Missouri,state,data.mo.gov,MINE SAFETY APPLIANCES COMPANY,65.12,2007,2007 State Expenditures
Missouri,state,data.mo.gov,MINE SAFETY APPLIANCES COMPANY,1170.86,2016,2016 State Expenditures
Missouri,state,data.mo.gov,MINE SAFETY APPLIANCES COMPANY,6678.77,2016,2016 State Expenditures
Missouri,state,data.mo.gov,MINE SAFETY APPLIANCES COMPANY,550.0,2016,2016 State Expenditures
Missouri,state,data.mo.gov,MINE SAFETY APPLIANCES COMPANY,3280.0,2017,2017 State Expenditures
Missouri,state,data.mo.gov,MINE SAFETY APPLIANCES,14875.0,2017,2017 State Expenditures
Missouri,state,data.mo.gov,MINE SAFETY APPLIANCES COMPANY,2506.84,2017,2017 State Expenditures
Missouri,state,data.mo.gov,MINE SAFETY APPLIANCES CO,607.5,2004,2004 State Expenditures
Colorado,state,data.colorado.gov,MSA SAFETY SALES LLC,7500.0,2025-08-06T00:00:00.000,City of Denver Checkbook
Colorado,state,data.colorado.gov,MSA SAFETY SALES LLC,7500.0,2025-08-06T00:00:00.000,City of Denver Checkbook
Colorado,state,data.colorado.gov,MSA SAFETY SALES LLC,7500.0,2025-08-22T00:00:00.000,City of Denver Checkbook
Missouri,state,data.mo.gov,MINE SAFETY APPLIANCES COMPANY,305.88,2011,2011 State Expenditures
Missouri,state,data.mo.gov,MINE SAFETY APPLIANCES COMPANY,4000.0,2010,2010 State Expenditures
Missouri,state,data.mo.gov,MINE SAFETY APPLIANCES COMPANY,468.0,2010,2010 State Expenditures
Missouri,state,data.mo.gov,MINE SAFETY APPLIANCES CO,95.0,2001,2001 State Expenditures
Missouri,state,data.mo.gov,MINE SAFETY APPLIANCES CO,95.0,2001,2001 State Expenditures
Missouri,state,data.mo.gov,MINE SAFETY APPLIANCES COMPANY,625.0,2012,2012 State Expenditures
"Los Angeles, CA",city,controllerdata.lacity.org,MINE SAFETY APPLIANCES CO,2100.0,2016-08-22T00:00:00.000,EcheckBook_Data_2012_To_2017
"Los Angeles, CA",city,controllerdata.lacity.org,MINE SAFETY APPLIANCES CO,866.0,2016-08-29T00:00:00.000,EcheckBook_Data_2012_To_2017
"Los Angeles, CA",city,controllerdata.lacity.org,MINE SAFETY APPLIANCES CO,25.0,2016-08-22T00:00:00.000,EcheckBook_Data_2012_To_2017
"Los Angeles, CA",city,controllerdata.lacity.org,MINE SAFETY APPLIANCES CO,30.0,2016-08-29T00:00:00.000,EcheckBook_Data_2012_To_2017
"Los Angeles, CA",city,controllerdata.lacity.org,MINE SAFETY APPLIANCES CO,920.0,2016-06-01T00:00:00.000,EcheckBook_Data_2012_To_2017
"Los Angeles, CA",city,controllerdata.lacity.org,MINE SAFETY APPLIANCES CO,20.0,2016-06-01T00:00:00.000,EcheckBook_Data_2012_To_2017
"Los Angeles, CA",city,controllerdata.lacity.org,MINE SAFETY APPLIANCES CO,3150.0,2016-05-27T00:00:00.000,EcheckBook_Data_2012_To_2017
"Los Angeles, CA",city,controllerdata.lacity.org,MINE SAFETY APPLIANCES CO,1530.0,2016-05-27T00:00:00.000,EcheckBook_Data_2012_To_2017
"Los Angeles, CA",city,controllerdata.lacity.org,MINE SAFETY APPLIANCES CO,1299.0,2016-05-27T00:00:00.000,EcheckBook_Data_2012_To_2017
"Los Angeles, CA",city,controllerdata.lacity.org,MINE SAFETY APPLIANCES CO,50.0,2016-05-27T00:00:00.000,EcheckBook_Data_2012_To_2017
"Los Angeles, CA",city,controllerdata.lacity.org,MINE SAFETY APPLIANCES CO,7260.0,2016-04-18T00:00:00.000,EcheckBook_Data_2012_To_2017
"Los Angeles, CA",city,controllerdata.lacity.org,MINE SAFETY APPLIANCES CO,2100.0,2016-04-18T00:00:00.000,EcheckBook_Data_2012_To_2017
"Los Angeles, CA",city,controllerdata.lacity.org,MINE SAFETY APPLIANCES CO,2100.0,2016-04-22T00:00:00.000,EcheckBook_Data_2012_To_2017
"Los Angeles, CA",city,controllerdata.lacity.org,MINE SAFETY APPLIANCES CO,1920.0,2016-04-26T00:00:00.000,EcheckBook_Data_2012_To_2017
"Los Angeles, CA",city,controllerdata.lacity.org,MINE SAFETY APPLIANCES CO,47.91,2016-04-18T00:00:00.000,EcheckBook_Data_2012_To_2017
"Los Angeles, CA",city,controllerdata.lacity.org,MINE SAFETY APPLIANCES CO,21.35,2016-04-18T00:00:00.000,EcheckBook_Data_2012_To_2017
"Los Angeles, CA",city,controllerdata.lacity.org,MINE SAFETY APPLIANCES CO,60.09,2016-04-22T00:00:00.000,EcheckBook_Data_2012_To_2017
"Los Angeles, CA",city,controllerdata.lacity.org,MINE SAFETY APPLIANCES CO,20.66,2016-04-26T00:00:00.000,EcheckBook_Data_2012_To_2017
"Los Angeles, CA",city,controllerdata.lacity.org,MINE SAFETY APPLIANCES CO,1020.0,2016-03-09T00:00:00.000,EcheckBook_Data_2012_To_2017
"Los Angeles, CA",city,controllerdata.lacity.org,MINE SAFETY APPLIANCES CO,198.37,2016-03-15T00:00:00.000,EcheckBook_Data_2012_To_2017
"Los Angeles, CA",city,controllerdata.lacity.org,MINE SAFETY APPLIANCES CO,187.5,2016-03-15T00:00:00.000,EcheckBook_Data_2012_To_2017
"Los Angeles, CA",city,controllerdata.lacity.org,MINE SAFETY APPLIANCES CO,16.07,2016-03-15T00:00:00.000,EcheckBook_Data_2012_To_2017
"Los Angeles, CA",city,controllerdata.lacity.org,MINE SAFETY APPLIANCES CO,25.0,2016-03-15T00:00:00.000,EcheckBook_Data_2012_To_2017
"Los Angeles, CA",city,controllerdata.lacity.org,MINE SAFETY APPLIANCES CO,10.0,2016-03-09T00:00:00.000,EcheckBook_Data_2012_To_2017
"Los Angeles, CA",city,controllerdata.lacity.org,MINE SAFETY APPLIANCES CO,2050.0,2016-02-09T00:00:00.000,EcheckBook_Data_2012_To_2017
"Los Angeles, CA",city,controllerdata.lacity.org,MINE SAFETY APPLIANCES CO,866.0,2016-02-26T00:00:00.000,EcheckBook_Data_2012_To_2017
"Los Angeles, CA",city,controllerdata.lacity.org,MINE SAFETY APPLIANCES CO,20.0,2016-02-09T00:00:00.000,EcheckBook_Data_2012_To_2017
"Los Angeles, CA",city,controllerdata.lacity.org,MINE SAFETY APPLIANCES CO,10.0,2016-02-26T00:00:00.000,EcheckBook_Data_2012_To_2017
"Los Angeles, CA",city,controllerdata.lacity.org,MINE SAFETY APPLIANCES CO,125.0,2015-10-19T00:00:00.000,EcheckBook_Data_2012_To_2017
"Los Angeles, CA",city,controllerdata.lacity.org,MINE SAFETY APPLIANCES CO,58.02,2015-10-19T00:00:00.000,EcheckBook_Data_2012_To_2017
"Los Angeles, CA",city,controllerdata.lacity.org,MINE SAFETY APPLIANCES CO,50.0,2015-10-19T00:00:00.000,EcheckBook_Data_2012_To_2017
"Los Angeles, CA",city,controllerdata.lacity.org,MINE SAFETY APPLIANCES CO,257.0,2015-01-09T00:00:00.000,EcheckBook_Data_2012_To_2017
"Los Angeles, CA",city,controllerdata.lacity.org,MINE SAFETY APPLIANCES CO,74979.0,2014-09-24T00:00:00.000,EcheckBook_Data_2012_To_2017
"Los Angeles, CA",city,controllerdata.lacity.org,MINE SAFETY APPLIANCES CO,24727.5,2014-09-24T00:00:00.000,EcheckBook_Data_2012_To_2017
"Los Angeles, CA",city,controllerdata.lacity.org,MINE SAFETY APPLIANCES CO,11140.0,2014-09-22T00:00:00.000,EcheckBook_Data_2012_To_2017
"Los Angeles, CA",city,controllerdata.lacity.org,MINE SAFETY APPLIANCES CO,6871.0,2014-07-03T00:00:00.000,EcheckBook_Data_2012_To_2017
"Los Angeles, CA",city,controllerdata.lacity.org,MINE SAFETY APPLIANCES CO,50.0,2014-07-03T00:00:00.000,EcheckBook_Data_2012_To_2017
"Los Angeles, CA",city,controllerdata.lacity.org,MINE SAFETY APPLIANCES CO,16986.0,2014-06-11T00:00:00.000,EcheckBook_Data_2012_To_2017
"Los Angeles, CA",city,controllerdata.lacity.org,MINE SAFETY APPLIANCES CO,16110.0,2014-03-05T00:00:00.000,EcheckBook_Data_2012_To_2017
"Los Angeles, CA",city,controllerdata.lacity.org,MINE SAFETY APPLIANCES CO,250.0,2014-03-26T00:00:00.000,EcheckBook_Data_2012_To_2017
"Los Angeles, CA",city,controllerdata.lacity.org,MINE SAFETY APPLIANCES CO,100.0,2014-03-05T00:00:00.000,EcheckBook_Data_2012_To_2017
"Los Angeles, CA",city,controllerdata.lacity.org,MINE SAFETY APPLIANCES CO,35.0,2014-03-26T00:00:00.000,EcheckBook_Data_2012_To_2017
"Los Angeles, CA",city,controllerdata.lacity.org,MINE SAFETY APPLIANCES CO,10740.0,2013-12-16T00:00:00.000,EcheckBook_Data_2012_To_2017
"Los Angeles, CA",city,controllerdata.lacity.org,MINE SAFETY APPLIANCES CO,2620.0,2013-12-16T00:00:00.000,EcheckBook_Data_2012_To_2017
"Los Angeles, CA",city,controllerdata.lacity.org,MINE SAFETY APPLIANCES CO,2485.0,2013-12-16T00:00:00.000,EcheckBook_Data_2012_To_2017
"Los Angeles, CA",city,controllerdata.lacity.org,MINE SAFETY APPLIANCES CO,290.0,2013-12-16T00:00:00.000,EcheckBook_Data_2012_To_2017
"Los Angeles, CA",city,controllerdata.lacity.org,MINE SAFETY APPLIANCES CO,1910.0,2013-11-01T00:00:00.000,EcheckBook_Data_2012_To_2017
"Los Angeles, CA",city,controllerdata.lacity.org,MINE SAFETY APPLIANCES CO,1105.0,2013-11-01T00:00:00.000,EcheckBook_Data_2012_To_2017
"Los Angeles, CA",city,controllerdata.lacity.org,MINE SAFETY APPLIANCES CO,1105.0,2013-11-01T00:00:00.000,EcheckBook_Data_2012_To_2017
"Los Angeles, CA",city,controllerdata.lacity.org,MINE SAFETY APPLIANCES CO,27.29,2013-11-01T00:00:00.000,EcheckBook_Data_2012_To_2017
"Los Angeles, CA",city,controllerdata.lacity.org,MINE SAFETY APPLIANCES CO,418.0,2013-02-12T00:00:00.000,EcheckBook_Data_2012_To_2017
"Los Angeles, CA",city,controllerdata.lacity.org,MINE SAFETY APPLIANCES CO,15.0,2013-02-12T00:00:00.000,EcheckBook_Data_2012_To_2017
"Los Angeles, CA",city,controllerdata.lacity.org,MINE SAFETY APPLIANCES CO,2300.0,2012-08-29T00:00:00.000,EcheckBook_Data_2012_To_2017
"Los Angeles, CA",city,controllerdata.lacity.org,MINE SAFETY APPLIANCES CO,2130.0,2012-08-29T00:00:00.000,EcheckBook_Data_2012_To_2017
"Los Angeles, CA",city,controllerdata.lacity.org,MINE SAFETY APPLIANCES CO,1900.0,2012-08-29T00:00:00.000,EcheckBook_Data_2012_To_2017
"Los Angeles, CA",city,controllerdata.lacity.org,MINE SAFETY APPLIANCES CO,760.0,2012-08-30T00:00:00.000,EcheckBook_Data_2012_To_2017
"Los Angeles, CA",city,controllerdata.lacity.org,MINE SAFETY APPLIANCES CO,18.75,2012-08-29T00:00:00.000,EcheckBook_Data_2012_To_2017
"Los Angeles, CA",city,controllerdata.lacity.org,MINE SAFETY APPLIANCES CO,14.25,2012-08-29T00:00:00.000,EcheckBook_Data_2012_To_2017
"Los Angeles, CA",city,controllerdata.lacity.org,MINE SAFETY APPLIANCES CO,20.0,2012-08-30T00:00:00.000,EcheckBook_Data_2012_To_2017
"Los Angeles, CA",city,controllerdata.lacity.org,MINE SAFETY APPLIANCES CO,760.0,2012-07-11T00:00:00.000,EcheckBook_Data_2012_To_2017
"Los Angeles, CA",city,controllerdata.lacity.org,MINE SAFETY APPLIANCES CO,20.0,2012-07-11T00:00:00.000,EcheckBook_Data_2012_To_2017
"Los Angeles, CA",city,controllerdata.lacity.org,MINE SAFETY APPLIANCES CO,25.0,2012-06-04T00:00:00.000,EcheckBook_Data_2012_To_2017
"Los Angeles, CA",city,controllerdata.lacity.org,MINE SAFETY APPLIANCES CO,710.0,2011-11-23T00:00:00.000,EcheckBook_Data_2012_To_2017
"Los Angeles, CA",city,controllerdata.lacity.org,MINE SAFETY APPLIANCES CO,14.0,2011-11-23T00:00:00.000,EcheckBook_Data_2012_To_2017
"Los Angeles, CA",city,controllerdata.lacity.org,MINE SAFETY APPLIANCES CO,710.0,2011-10-14T00:00:00.000,EcheckBook_Data_2012_To_2017
"Los Angeles, CA",city,controllerdata.lacity.org,MINE SAFETY APPLIANCES CO,376.0,2011-10-05T00:00:00.000,EcheckBook_Data_2012_To_2017
"Los Angeles, CA",city,controllerdata.lacity.org,MINE SAFETY APPLIANCES CO,15.0,2011-10-14T00:00:00.000,EcheckBook_Data_2012_To_2017
"Los Angeles, CA",city,controllerdata.lacity.org,MINE SAFETY APPLIANCES CO,10.0,2011-10-05T00:00:00.000,EcheckBook_Data_2012_To_2017
"Los Angeles, CA",city,controllerdata.lacity.org,MINE SAFETY APPLIANCES CO,710.0,2011-09-15T00:00:00.000,EcheckBook_Data_2012_To_2017
"Los Angeles, CA",city,controllerdata.lacity.org,MINE SAFETY APPLIANCES CO,355.0,2011-09-12T00:00:00.000,EcheckBook_Data_2012_To_2017
"Los Angeles, CA",city,controllerdata.lacity.org,MINE SAFETY APPLIANCES CO,125.0,2011-09-30T00:00:00.000,EcheckBook_Data_2012_To_2017
"Los Angeles, CA",city,controllerdata.lacity.org,MINE SAFETY APPLIANCES CO,55.0,2011-09-30T00:00:00.000,EcheckBook_Data_2012_To_2017
"Los Angeles, CA",city,controllerdata.lacity.org,MINE SAFETY APPLIANCES CO,15.0,2011-09-15T00:00:00.000,EcheckBook_Data_2012_To_2017
"Los Angeles, CA",city,controllerdata.lacity.org,MINE SAFETY APPLIANCES CO,15.0,2011-09-12T00:00:00.000,EcheckBook_Data_2012_To_2017
"Los Angeles, CA",city,controllerdata.lacity.org,MINE SAFETY APPLIANCES CO,20.0,2011-09-30T00:00:00.000,EcheckBook_Data_2012_To_2017
"Los Angeles, CA",city,controllerdata.lacity.org,MINE SAFETY APPLIANCES CO,355.0,2011-08-30T00:00:00.000,EcheckBook_Data_2012_To_2017
"Los Angeles, CA",city,controllerdata.lacity.org,MINE SAFETY APPLIANCES CO,15.0,2011-08-30T00:00:00.000,EcheckBook_Data_2012_To_2017
Connecticut,state,data.ct.gov,MSA SAFETY SALES LLC,1.0,2021-10-19T00:00:00.000,State of CT: Open Expenditures - Ledger Current
Connecticut,state,data.ct.gov,MSA SAFETY SALES LLC,1.0,2021-10-19T00:00:00.000,State of CT: Open Expenditures - Ledger Current
"Framingham, MA",city,data.framinghamma.gov,MINE SAFETY APPLIANC,106.0,2014-03-31T00:00:00.000,Checkbook
"Framingham, MA",city,data.framinghamma.gov,MINE SAFETY APPLIANC,392.2,2014-06-05T00:00:00.000,Checkbook
"Framingham, MA",city,data.framinghamma.gov,MINE SAFETY APPLIANC,91.0,2014-06-10T00:00:00.000,Checkbook
"Framingham, MA",city,data.framinghamma.gov,MINE SAFETY APPLIANC,106.0,2014-10-08T00:00:00.000,Checkbook
"Framingham, MA",city,data.framinghamma.gov,MINE SAFETY APPLIANC,3567.4,2015-05-20T00:00:00.000,Checkbook
"Framingham, MA",city,data.framinghamma.gov,MINE SAFETY APPLIANC,1586.11,2016-06-16T00:00:00.000,Checkbook
"Framingham, MA",city,data.framinghamma.gov,MSA SAFETY INC      ,2374.23,2017-09-26T00:00:00.000,Checkbook
"Framingham, MA",city,data.framinghamma.gov,MSA SAFETY SALES LLC,1578.53,2019-06-07T00:00:00.000,Checkbook
"Framingham, MA",city,data.framinghamma.gov,MSA SAFETY SALES LLC,7732.5,2019-06-30T00:00:00.000,Checkbook
New Jersey,state,data.nj.gov,"MSA SAFETY SALES, LLC",962.79,2021-06-30T00:00:00.000,YourMoney Agency Expenditures
New Jersey,state,data.nj.gov,MSA SAFETY SALES LLC,596.13,2021-06-30T00:00:00.000,YourMoney Agency Expenditures
New Jersey,state,data.nj.gov,MINE SAFETY APPLIANCE COMPANY,202.56,2016-06-30T00:00:00.000,YourMoney Agency Expenditures
New Jersey,state,data.nj.gov,MINE SAFETY APPLIANCE COMPANY,202.56,2016-06-30T00:00:00.000,YourMoney Agency Expenditures
New Jersey,state,data.nj.gov,MINE SAFETY APPLIANCES CO,1415.0,2015-06-30T00:00:00.000,YourMoney Agency Expenditures
New Jersey,state,data.nj.gov,MINE SAFETY APPLIANCES CO,1815.0,2013-06-30T00:00:00.000,YourMoney Agency Expenditures
New Jersey,state,data.nj.gov,MINE SAFETY APPLIANCES CO,1525.0,2013-06-30T00:00:00.000,YourMoney Agency Expenditures
New Jersey,state,data.nj.gov,MINE SAFETY APPLIANCES CO,2850.0,2013-06-30T00:00:00.000,YourMoney Agency Expenditures
New Jersey,state,data.nj.gov,MINE SAFETY APPLIANCES CO,8612.1,2012-06-30T00:00:00.000,YourMoney Agency Expenditures
New Jersey,state,data.nj.gov,MINE SAFETY APPLIANCES CO,1350.12,2011-06-30T00:00:00.000,YourMoney Agency Expenditures
New Jersey,state,data.nj.gov,MINE SAFETY APPLIANCES CO,7390.0,2011-06-30T00:00:00.000,YourMoney Agency Expenditures
New Jersey,state,data.nj.gov,MINE SAFETY APPLIANCES CO,3762.0,2010-06-30T00:00:00.000,YourMoney Agency Expenditures
New Jersey,state,data.nj.gov,MINE SAFETY APPLIANCES CO,1530.0,2009-06-30T00:00:00.000,YourMoney Agency Expenditures
New Jersey,state,data.nj.gov,MINE SAFETY APPLIANCES CO,952.0,2008-06-30T00:00:00.000,YourMoney Agency Expenditures
New Jersey,state,data.nj.gov,MINE SAFETY APPLIANCES CO,8373.0,2008-06-30T00:00:00.000,YourMoney Agency Expenditures
New Jersey,state,data.nj.gov,MINE SAFETY APPLIANCES CO,1050.0,2007-06-30T00:00:00.000,YourMoney Agency Expenditures
New Jersey,state,data.nj.gov,MINE SAFETY APPLIANCES CO,3678.0,2007-06-30T00:00:00.000,YourMoney Agency Expenditures
New Jersey,state,data.nj.gov,MINE SAFETY APPLIANCES CO,829.8,2006-06-30T00:00:00.000,YourMoney Agency Expenditures
New Jersey,state,data.nj.gov,MINE SAFETY APPLIANCES CO,5122.5,2006-06-30T00:00:00.000,YourMoney Agency Expenditures
New Jersey,state,data.nj.gov,MINE SAFETY APPLIANCES CO,1743.6,2005-06-30T00:00:00.000,YourMoney Agency Expenditures
New Jersey,state,data.nj.gov,MINE SAFETY APPLIANCES CO,3972.99,2004-06-30T00:00:00.000,YourMoney Agency Expenditures
New Jersey,state,data.nj.gov,MINE SAFETY APPLIANCES CO,4377.6,2004-06-30T00:00:00.000,YourMoney Agency Expenditures
New Jersey,state,data.nj.gov,MINE SAFETY APPLIANCES CO,2446.4,2004-06-30T00:00:00.000,YourMoney Agency Expenditures
New Jersey,state,data.nj.gov,MINE SAFETY APPLIANCES CO,194.81,2003-06-30T00:00:00.000,YourMoney Agency Expenditures
New Jersey,state,data.nj.gov,MINE SAFETY APPLIANCES CO,17785.7,2003-06-30T00:00:00.000,YourMoney Agency Expenditures
janesville.data.socrata.com,local,janesville.data.socrata.com,MINE SAFETY APPLIANCES COMPANY,115.0,2012-10-05T00:00:00.000,Open Expenditures - Ledger Dataset
janesville.data.socrata.com,local,janesville.data.socrata.com,MINE SAFETY APPLIANCES COMPANY,775.0,2012-11-16T00:00:00.000,Open Expenditures - Ledger Dataset
janesville.data.socrata.com,local,janesville.data.socrata.com,MINE SAFETY APPLIANCES COMPANY,498.05,2013-05-24T00:00:00.000,Open Expenditures - Ledger Dataset
janesville.data.socrata.com,local,janesville.data.socrata.com,MINE SAFETY APPLIANCES COMPANY,2200.0,2015-05-15T00:00:00.000,Open Expenditures - Ledger Dataset
janesville.data.socrata.com,local,janesville.data.socrata.com,"MSA SAFETY SALES, LLC",391.68,2020-09-11T00:00:00.000,Open Expenditures - Ledger Dataset
janesville.data.socrata.com,local,janesville.data.socrata.com,"MSA SAFETY SALES, LLC",410.76,2020-09-11T00:00:00.000,Open Expenditures - Ledger Dataset
Connecticut,state,data.ct.gov,MSA SAFETY SALES LLC,83.5,2021-10-19T00:00:00.000,State of CT: Open Expenditures - Ledger ---Deprecated
Connecticut,state,data.ct.gov,MSA SAFETY SALES LLC,83.5,2021-10-19T00:00:00.000,State of CT: Open Expenditures - Ledger ---Deprecated
Connecticut,state,data.ct.gov,MINE SAFETY APPLIANCES CO,390.28,2013-04-04T00:00:00.000,State of CT: Open Expenditures - Ledger ---Deprecated
Connecticut,state,data.ct.gov,MINE SAFETY APPLIANCES CO,1695.0,2016-10-06T00:00:00.000,State of CT: Open Expenditures - Ledger ---Deprecated
Connecticut,state,data.ct.gov,MINE SAFETY APPLIANCES CO,3225.0,2016-10-06T00:00:00.000,State of CT: Open Expenditures - Ledger ---Deprecated
Connecticut,state,data.ct.gov,MINE SAFETY APPLIANCES CO,2000.0,2013-01-04T00:00:00.000,State of CT: Open Expenditures - Ledger ---Deprecated
"Mesa, AZ",city,citydata.mesaaz.gov,MSA Safety Sales LLC,3100.0,2019-07-17T00:00:00.000,City Expenditures
"Mesa, AZ",city,citydata.mesaaz.gov,MSA Safety Sales LLC,3100.0,2019-07-17T00:00:00.000,City Expenditures
"Mesa, AZ",city,citydata.mesaaz.gov,MSA Safety Sales LLC,3100.0,2019-07-17T00:00:00.000,City Expenditures
"Mesa, AZ",city,citydata.mesaaz.gov,MSA Safety Sales LLC,3100.0,2019-07-17T00:00:00.000,City Expenditures
"Mesa, AZ",city,citydata.mesaaz.gov,MSA Safety Sales LLC,3100.0,2019-07-15T00:00:00.000,City Expenditures
"Mesa, AZ",city,citydata.mesaaz.gov,MSA Safety Sales LLC,3100.0,2019-07-15T00:00:00.000,City Expenditures
"Mesa, AZ",city,citydata.mesaaz.gov,MSA Safety Sales LLC,3100.0,2019-07-16T00:00:00.000,City Expenditures
"Mesa, AZ",city,citydata.mesaaz.gov,MSA Safety Sales LLC,3100.0,2019-07-16T00:00:00.000,City Expenditures
"Mesa, AZ",city,citydata.mesaaz.gov,MSA Safety Sales LLC,3100.0,2023-04-25T00:00:00.000,City Expenditures
"Mesa, AZ",city,citydata.mesaaz.gov,MSA Safety Sales LLC,3100.0,2023-04-25T00:00:00.000,City Expenditures
"Mesa, AZ",city,citydata.mesaaz.gov,MSA Safety Sales LLC,3100.0,2023-04-26T00:00:00.000,City Expenditures
"Mesa, AZ",city,citydata.mesaaz.gov,MSA Safety Sales LLC,3100.0,2023-04-26T00:00:00.000,City Expenditures
"Mesa, AZ",city,citydata.mesaaz.gov,MSA Safety Sales LLC,3100.0,2023-04-26T00:00:00.000,City Expenditures
"Mesa, AZ",city,citydata.mesaaz.gov,MSA Safety Sales LLC,3100.0,2023-01-19T00:00:00.000,City Expenditures
"Mesa, AZ",city,citydata.mesaaz.gov,MSA Safety Sales LLC,3100.0,2023-01-19T00:00:00.000,City Expenditures
"Mesa, AZ",city,citydata.mesaaz.gov,MSA Safety Sales LLC,3100.0,2023-01-19T00:00:00.000,City Expenditures
"Mesa, AZ",city,citydata.mesaaz.gov,MSA Safety Sales LLC,3100.0,2022-07-01T00:00:00.000,City Expenditures
performance.ci.janesville.wi.us,local,performance.ci.janesville.wi.us,MINE SAFETY APPLIANCES COMPANY,115.0,2012-10-05T00:00:00.000,Open Expenditures - Ledger Dataset
performance.ci.janesville.wi.us,local,performance.ci.janesville.wi.us,MINE SAFETY APPLIANCES COMPANY,775.0,2012-11-16T00:00:00.000,Open Expenditures - Ledger Dataset
performance.ci.janesville.wi.us,local,performance.ci.janesville.wi.us,MINE SAFETY APPLIANCES COMPANY,498.05,2013-05-24T00:00:00.000,Open Expenditures - Ledger Dataset
performance.ci.janesville.wi.us,local,performance.ci.janesville.wi.us,MINE SAFETY APPLIANCES COMPANY,2200.0,2015-05-15T00:00:00.000,Open Expenditures - Ledger Dataset
performance.ci.janesville.wi.us,local,performance.ci.janesville.wi.us,"MSA SAFETY SALES, LLC",391.68,2020-09-11T00:00:00.000,Open Expenditures - Ledger Dataset
performance.ci.janesville.wi.us,local,performance.ci.janesville.wi.us,"MSA SAFETY SALES, LLC",410.76,2020-09-11T00:00:00.000,Open Expenditures - Ledger Dataset
performance.ci.janesville.wi.us,local,performance.ci.janesville.wi.us,"MSA SAFETY SALES, LLC",1468.17,2021-03-05T00:00:00.000,Open Expenditures - Ledger Dataset
performance.ci.janesville.wi.us,local,performance.ci.janesville.wi.us,"MSA SAFETY SALES, LLC",860.12,2021-05-14T00:00:00.000,Open Expenditures - Ledger Dataset
"Los Angeles, CA",city,controllerdata.lacity.org,Mine Safety Appliances Co,430220.0,2013-09-23T00:00:00.000,Invoices and Purchase Orders for City Goods and Supplies
"Los Angeles, CA",city,controllerdata.lacity.org,Mine Safety Appliances Co,426909.0,2013-10-29T00:00:00.000,Invoices and Purchase Orders for City Goods and Supplies
"Los Angeles, CA",city,controllerdata.lacity.org,Mine Safety Appliances Co,394311.0,2012-08-28T00:00:00.000,Invoices and Purchase Orders for City Goods and Supplies
"Los Angeles, CA",city,controllerdata.lacity.org,Mine Safety Appliances Co,394162.0,2012-08-20T00:00:00.000,Invoices and Purchase Orders for City Goods and Supplies
"Los Angeles, CA",city,controllerdata.lacity.org,Mine Safety Appliances Co,394162.0,2012-08-14T00:00:00.000,Invoices and Purchase Orders for City Goods and Supplies
"Los Angeles, CA",city,controllerdata.lacity.org,Mine Safety Appliances Co,390269.0,2012-06-15T00:00:00.000,Invoices and Purchase Orders for City Goods and Supplies
"Los Angeles, CA",city,controllerdata.lacity.org,Mine Safety Appliances Co,438004.0,2014-03-21T00:00:00.000,Invoices and Purchase Orders for City Goods and Supplies
"Los Angeles, CA",city,controllerdata.lacity.org,Mine Safety Appliances Co,436150.0,2014-01-22T00:00:00.000,Invoices and Purchase Orders for City Goods and Supplies
"Los Angeles, CA",city,controllerdata.lacity.org,Mine Safety Appliances Co,406008.0,2013-01-25T00:00:00.000,Invoices and Purchase Orders for City Goods and Supplies
Utah,state,opendata.utah.gov,MINE SAFETY APPLIANCES CO,31.61,02/21/2013 12:00:00 AM,Utah Transparency 2011 Open Expenditures DRAFT
Utah,state,opendata.utah.gov,MINE SAFETY APPLIANCES CO,3647.0,02/21/2013 12:00:00 AM,Utah Transparency 2011 Open Expenditures DRAFT
Utah,state,opendata.utah.gov,MINE SAFETY APPLIANCES CO,775.0,11/20/2012 12:00:00 AM,Utah Transparency 2011 Open Expenditures DRAFT
Utah,state,opendata.utah.gov,M S A/MINE SAFETY APPLIANCE CO,630.14,05/14/2012 12:00:00 AM,Utah Transparency 2011 Open Expenditures DRAFT
